,Supplier_Lead_Time,Inventory_Levels,Order_Frequency,Delivery_Performance,Cost_Per_Unit
Supplier_Lead_Time,1.0,0.35558729952893847,-0.8778415708059312,-0.9370725270200284,0.9565593128859083
Inventory_Levels,0.35558729952893847,1.0,-0.2482011624875336,-0.39362091457946913,0.29532893719787867
Order_Frequency,-0.8778415708059312,-0.2482011624875336,1.0,0.8372140077009292,-0.8506340706339263
Delivery_Performance,-0.9370725270200284,-0.39362091457946913,0.8372140077009292,1.0,-0.9326001293131632
Cost_Per_Unit,0.9565593128859083,0.29532893719787867,-0.8506340706339263,-0.9326001293131632,1.0
